{
  "round": 15,
  "reviewer_scores": {
    "eic": {
      "originality": 89,
      "methodology": 91,
      "evidence": 88,
      "argument": 90,
      "writing": 89,
      "overall": 89.4
    },
    "r1": {
      "originality": 91,
      "methodology": 92,
      "evidence": 88,
      "argument": 90,
      "writing": 89,
      "overall": 90.0
    },
    "r2": {
      "originality": 91,
      "methodology": 93,
      "evidence": 90,
      "argument": 90,
      "writing": 89,
      "overall": 90.8
    },
    "r3": {
      "originality": 93,
      "methodology": 91,
      "evidence": 88,
      "argument": 90,
      "writing": 89,
      "overall": 90.2
    },
    "da": {
      "originality": 91,
      "methodology": 90,
      "evidence": 87,
      "argument": 90,
      "writing": 89,
      "overall": 89.3
    }
  },
  "grand_mean": 89.94,
  "all_pass_85": true,
  "improvements": [
    "threshold_function_comparison",
    "abstract_restructured",
    "failure_mode_quantitative",
    "author_names_fixed",
    "37_references"
  ],
  "summary": {
    "ssm": {
      "mse_mean": 0.002718614408470414,
      "mse_std": 3.4769887157872635e-05,
      "mae_mean": 0.0348984949497713,
      "mae_std": 0.00019677349807494118,
      "r2_mean": 0.9975263833999634,
      "r2_std": 3.159456856141828e-05,
      "infer_mean": 16.124605639197398,
      "infer_std": 6.194961954166893,
      "params_m": 0.142364,
      "n_seeds": 5
    },
    "lstm": {
      "mse_mean": 0.001061371276909658,
      "mse_std": 2.1277376043650594e-06,
      "mae_mean": 0.019392370465039103,
      "mae_std": 2.5949620260503344e-05,
      "r2_mean": 0.9990363955497742,
      "r2_std": 1.8816951296210902e-06,
      "infer_mean": 8.372556418762542,
      "infer_std": 0.34338389561186533,
      "params_m": 0.288924,
      "n_seeds": 5
    }
  },
  "mpc_summary": {}
}