{
  "LSTM-WM_humanoid": {
    "seed42": {
      "mse": 0.405096,
      "r2": 0.4933,
      "params_m": 0.227,
      "inf_time_ms": 1.12,
      "best_epoch": 97
    },
    "seed123": {
      "mse": 0.398064,
      "r2": 0.5021,
      "params_m": 0.227,
      "inf_time_ms": 1.03,
      "best_epoch": 83
    },
    "seed456": {
      "mse": 0.39579,
      "r2": 0.5049,
      "params_m": 0.227,
      "inf_time_ms": 0.93,
      "best_epoch": 94
    },
    "seed789": {
      "mse": 0.396028,
      "r2": 0.5046,
      "params_m": 0.227,
      "inf_time_ms": 1.11,
      "best_epoch": 86
    },
    "seed1024": {
      "mse": 0.401593,
      "r2": 0.4976,
      "params_m": 0.227,
      "inf_time_ms": 1.28,
      "best_epoch": 90
    }
  },
  "GRU-WM_humanoid": {
    "seed42": {
      "mse": 0.362411,
      "r2": 0.5467,
      "params_m": 0.19,
      "inf_time_ms": 1.29,
      "best_epoch": 92
    },
    "seed123": {
      "mse": 0.370564,
      "r2": 0.5365,
      "params_m": 0.19,
      "inf_time_ms": 0.98,
      "best_epoch": 95
    },
    "seed456": {
      "mse": 0.364183,
      "r2": 0.5444,
      "params_m": 0.19,
      "inf_time_ms": 0.74,
      "best_epoch": 98
    },
    "seed789": {
      "mse": 0.364402,
      "r2": 0.5442,
      "params_m": 0.19,
      "inf_time_ms": 1.13,
      "best_epoch": 95
    },
    "seed1024": {
      "mse": 0.368393,
      "r2": 0.5392,
      "params_m": 0.19,
      "inf_time_ms": 1.06,
      "best_epoch": 99
    }
  },
  "Transformer-WM_humanoid": {
    "seed42": {
      "mse": 0.283031,
      "r2": 0.646,
      "params_m": 0.302,
      "inf_time_ms": 12.3,
      "best_epoch": 95
    },
    "seed123": {
      "mse": 0.293042,
      "r2": 0.6334,
      "params_m": 0.302,
      "inf_time_ms": 10.21,
      "best_epoch": 92
    },
    "seed456": {
      "mse": 0.276011,
      "r2": 0.6547,
      "params_m": 0.302,
      "inf_time_ms": 9.17,
      "best_epoch": 83
    },
    "seed789": {
      "mse": 0.280378,
      "r2": 0.6493,
      "params_m": 0.302,
      "inf_time_ms": 11.2,
      "best_epoch": 92
    },
    "seed1024": {
      "mse": 0.273259,
      "r2": 0.6582,
      "params_m": 0.302,
      "inf_time_ms": 10.76,
      "best_epoch": 95
    }
  },
  "Mamba-WM_humanoid": {
    "seed42": {
      "mse": 0.202316,
      "r2": 0.7469,
      "params_m": 0.224,
      "inf_time_ms": 1.68,
      "best_epoch": 66
    },
    "seed123": {
      "mse": 0.204531,
      "r2": 0.7441,
      "params_m": 0.224,
      "inf_time_ms": 1.86,
      "best_epoch": 60
    },
    "seed456": {
      "mse": 0.203198,
      "r2": 0.7458,
      "params_m": 0.224,
      "inf_time_ms": 1.53,
      "best_epoch": 70
    },
    "seed789": {
      "mse": 0.197688,
      "r2": 0.7527,
      "params_m": 0.224,
      "inf_time_ms": 1.58,
      "best_epoch": 59
    },
    "seed1024": {
      "mse": 0.201364,
      "r2": 0.7481,
      "params_m": 0.224,
      "inf_time_ms": 1.65,
      "best_epoch": 76
    }
  },
  "MIMO-WM_humanoid": {
    "seed42": {
      "mse": 0.201791,
      "r2": 0.7476,
      "params_m": 0.138,
      "inf_time_ms": 2.02,
      "best_epoch": 66
    },
    "seed123": {
      "mse": 0.200595,
      "r2": 0.7491,
      "params_m": 0.138,
      "inf_time_ms": 2.09,
      "best_epoch": 76
    },
    "seed456": {
      "mse": 0.199101,
      "r2": 0.7509,
      "params_m": 0.138,
      "inf_time_ms": 1.98,
      "best_epoch": 77
    },
    "seed789": {
      "mse": 0.195898,
      "r2": 0.7549,
      "params_m": 0.138,
      "inf_time_ms": 1.92,
      "best_epoch": 85
    },
    "seed1024": {
      "mse": 0.196259,
      "r2": 0.7545,
      "params_m": 0.138,
      "inf_time_ms": 1.99,
      "best_epoch": 90
    }
  },
  "LSTM-WM_humanoid_standup": {
    "seed42": {
      "mse": 0.606605,
      "r2": 0.3653,
      "params_m": 0.227,
      "inf_time_ms": 0.53,
      "best_epoch": 31
    },
    "seed123": {
      "mse": 0.605087,
      "r2": 0.3669,
      "params_m": 0.227,
      "inf_time_ms": 0.54,
      "best_epoch": 35
    },
    "seed456": {
      "mse": 0.604916,
      "r2": 0.3671,
      "params_m": 0.227,
      "inf_time_ms": 0.55,
      "best_epoch": 34
    },
    "seed789": {
      "mse": 0.601965,
      "r2": 0.3702,
      "params_m": 0.227,
      "inf_time_ms": 0.52,
      "best_epoch": 31
    },
    "seed1024": {
      "mse": 0.602351,
      "r2": 0.3698,
      "params_m": 0.227,
      "inf_time_ms": 0.53,
      "best_epoch": 29
    }
  },
  "GRU-WM_humanoid_standup": {
    "seed42": {
      "mse": 0.587815,
      "r2": 0.385,
      "params_m": 0.19,
      "inf_time_ms": 0.53,
      "best_epoch": 31
    },
    "seed123": {
      "mse": 0.58934,
      "r2": 0.3834,
      "params_m": 0.19,
      "inf_time_ms": 0.53,
      "best_epoch": 31
    },
    "seed456": {
      "mse": 0.587634,
      "r2": 0.3852,
      "params_m": 0.19,
      "inf_time_ms": 0.55,
      "best_epoch": 33
    },
    "seed789": {
      "mse": 0.588151,
      "r2": 0.3846,
      "params_m": 0.19,
      "inf_time_ms": 0.53,
      "best_epoch": 32
    },
    "seed1024": {
      "mse": 0.588991,
      "r2": 0.3838,
      "params_m": 0.19,
      "inf_time_ms": 0.53,
      "best_epoch": 35
    }
  },
  "Transformer-WM_humanoid_standup": {
    "seed42": {
      "mse": 0.5311,
      "r2": 0.4443,
      "params_m": 0.302,
      "inf_time_ms": 1.66,
      "best_epoch": 16
    },
    "seed123": {
      "mse": 0.530958,
      "r2": 0.4445,
      "params_m": 0.302,
      "inf_time_ms": 1.61,
      "best_epoch": 17
    },
    "seed456": {
      "mse": 0.532827,
      "r2": 0.4425,
      "params_m": 0.302,
      "inf_time_ms": 1.63,
      "best_epoch": 18
    },
    "seed789": {
      "mse": 0.533741,
      "r2": 0.4416,
      "params_m": 0.302,
      "inf_time_ms": 1.6,
      "best_epoch": 19
    },
    "seed1024": {
      "mse": 0.530325,
      "r2": 0.4451,
      "params_m": 0.302,
      "inf_time_ms": 1.6,
      "best_epoch": 22
    }
  },
  "Mamba-WM_humanoid_standup": {
    "seed42": {
      "mse": 0.592415,
      "r2": 0.3802,
      "params_m": 0.224,
      "inf_time_ms": 1.57,
      "best_epoch": 16
    },
    "seed123": {
      "mse": 0.598453,
      "r2": 0.3739,
      "params_m": 0.224,
      "inf_time_ms": 1.61,
      "best_epoch": 16
    },
    "seed456": {
      "mse": 0.592277,
      "r2": 0.3803,
      "params_m": 0.224,
      "inf_time_ms": 1.68,
      "best_epoch": 13
    },
    "seed789": {
      "mse": 0.592831,
      "r2": 0.3797,
      "params_m": 0.224,
      "inf_time_ms": 1.55,
      "best_epoch": 13
    },
    "seed1024": {
      "mse": 0.586326,
      "r2": 0.3865,
      "params_m": 0.224,
      "inf_time_ms": 1.59,
      "best_epoch": 13
    }
  },
  "MIMO-WM_humanoid_standup": {
    "seed42": {
      "mse": 0.530481,
      "r2": 0.445,
      "params_m": 0.138,
      "inf_time_ms": 1.77,
      "best_epoch": 88
    },
    "seed123": {
      "mse": 0.532101,
      "r2": 0.4433,
      "params_m": 0.138,
      "inf_time_ms": 1.76,
      "best_epoch": 80
    },
    "seed456": {
      "mse": 0.530161,
      "r2": 0.4453,
      "params_m": 0.138,
      "inf_time_ms": 1.82,
      "best_epoch": 83
    },
    "seed789": {
      "mse": 0.530926,
      "r2": 0.4445,
      "params_m": 0.138,
      "inf_time_ms": 1.75,
      "best_epoch": 85
    },
    "seed1024": {
      "mse": 0.53157,
      "r2": 0.4438,
      "params_m": 0.138,
      "inf_time_ms": 1.88,
      "best_epoch": 69
    }
  },
  "TCN-WM_humanoid": {
    "seed42": {
      "mse": 0.212122,
      "r2": 0.7347,
      "params_m": 0.189,
      "inf_time_ms": 0.84,
      "best_epoch": 42
    },
    "seed123": {
      "mse": 0.208077,
      "r2": 0.7397,
      "params_m": 0.189,
      "inf_time_ms": 0.79,
      "best_epoch": 46
    },
    "seed456": {
      "mse": 0.203157,
      "r2": 0.7459,
      "params_m": 0.189,
      "inf_time_ms": 0.81,
      "best_epoch": 70
    },
    "seed789": {
      "mse": 0.203828,
      "r2": 0.745,
      "params_m": 0.189,
      "inf_time_ms": 0.78,