{
  "MIMO-WM_T8": {
    "seed42": {
      "mse": 0.199638,
      "r2": 0.7674
    },
    "seed123": {
      "mse": 0.201713,
      "r2": 0.765
    },
    "seed456": {
      "mse": 0.202722,
      "r2": 0.7638
    }
  },
  "MIMO-WM_T16": {
    "seed42": {
      "mse": 0.194029,
      "r2": 0.762
    },
    "seed123": {
      "mse": 0.19227,
      "r2": 0.7642
    },
    "seed456": {
      "mse": 0.190698,
      "r2": 0.7661
    }
  },
  "MIMO-WM_T32": {
    "seed42": {
      "mse": 0.212059,
      "r2": 0.7347
    },
    "seed123": {
      "mse": 0.212131,
      "r2": 0.7346
    },
    "seed456": {
      "mse": 0.211178,
      "r2": 0.7358
    }
  },
  "MIMO-WM_T64": {
    "seed42": {
      "mse": 0.215082,
      "r2": 0.7053
    },
    "seed123": {
      "mse": 0.211628,
      "r2": 0.71
    },
    "seed456": {
      "mse": 0.211729,
      "r2": 0.7099
    }
  },
  "MIMO-WM_T128": {
    "seed42": {
      "mse": 0.411305,
      "r2": 0.448
    },
    "seed123": {
      "mse": 0.406901,
      "r2": 0.4539
    },
    "seed456": {
      "mse": 0.415681,
      "r2": 0.4421
    }
  }
}